-- SQL script for insert data

INSERT INTO CUSTOMER (NUMBER, ADDRESS, CITY, FIRST_NAME, LAST_NAME, POST_CODE, STATE, BIRTH_DATE) VALUES
('001','2897 Southside Lane','Los Angeles','Susan','Aurand','90046','CA',DATE '1981-12-17'),
('002','2296 Gateway Road','Portland','Regina','Vasquez','97219','OR',DATE '1972-07-23'),
('003','4790 Oakdale Avenue','La Belle','Larry','Roberts','33935','FL',DATE '1972-04-03'),
('004','733 Duke Lane','Newark','Ladonna','Crossley','07102','NJ',DATE '1978-05-27'),
('005','1546 Duff Avenue','South Burlington','Risa','Key','05403','VT',DATE '1972-10-08'),
('006','4123 Flinderation Road','Blue Island','Bernice','Overturf','60406','IL',DATE '1986-06-27'),
('007','2858 Adams Avenue','Frederick','Gail','Kuhlmann','21701','MD',DATE '2002-12-05'),
('008','1722 Melrose Street','Richland','Anita','Manrique','99352','WA',DATE '1961-02-19'),
('009','3829 Cottrill Lane','Saint Louis','Joe','Ayala','63101','MO',DATE '1982-02-21'),
('010','240 Wiseman Street','Knoxville','Yvette','Heck','37917','TN',DATE '1994-10-16'),
('011','1027 Pallet Street','Yonkers','Joseph','Williams','10701','NY',DATE '1985-08-07'),
('012','740 Poplar Avenue','El Cajon','Edgar','Christian','92020','CA',DATE '1994-01-29'),
('013','604 Keyser Ridge Road','Greensboro','Jesus','Smith','27406','NC',DATE '2001-11-29'),
('014','3473 Leroy Lane','Somerset','David','Rockwell','42564','KY',DATE '1999-06-16'),
('015','1202 Locust Court','Long Beach','Justin','Frost','90807','CA',DATE '2003-08-21'),
('016','3988 Aaron Smith Drive','Waynesboro','Charles','Giles','17268','PA',DATE '1962-09-27'),
('017','3229 Pratt Avenue','Olympia','Monique','Weatherby','98501','WA',DATE '1980-06-23'),
('018','1035 Hemlock Lane','Harlingen','Joseph','Creech','78550','TX',DATE '1999-12-23'),
('019','2123 High Meadow Lane','Muncy','Daniel','Neuman','17756','PA',DATE '1970-04-26'),
('020','1929 Pooh Bear Lane','Greenville','Charles','Vanarsdale','29601','SC',DATE '2002-04-29'),
('021','2907 Brown Street','Danville','Lee','Troupe','94526','CA',DATE '1992-05-10'),
('022','4271 Maple Lane','Huntsville','Elizabeth','Green','35801','AL', DATE '1988-10-17'),
('023','1648 Scott Street','Spring Valley','Jose','Defalco','10977','NY',DATE '1960-08-13'),
('024','1299 White River Way','Draper','Julie','Soto','84020','UT',DATE '1961-02-21'),
('025','4469 Chicago Avenue','Fresno','Alfonso','Lujan','93721','CA',DATE '1974-12-20'),
('026','4544 Ritter Street','Birmingham','Estelle','Laflamme','35291','AL',DATE '1991-04-22'),
('027','2205 Southside Lane','Wilmington','Amy','Robbins','90744','CA',DATE '2000-11-17'),
('028','539 Bobcat Drive','Washington','Romona','Dear','20005','MD',DATE '1977-11-12'),
('029','1880 Johnstown Road','Wheeling','Clement','Blair','60090','IL',DATE '1963-07-03'),
('030','4629 Sundown Lane','Elgin','Lisa','Mikula','78621','TX',DATE '1992-11-30'),
('031','2780 Tator Patch Road','Chicago','Robert','Wilson','60606','IL',DATE '2003-10-30'),
('032','3288 Briarwood Road','Pittsburg','Bud','Oconnell','65724','MO',DATE '1995-04-02'),
('033','1202 Park Avenue','Sacramento','Angelique','Willis','94260','CA',DATE '1989-01-23'),
('034','4948 Kooter Lane','Charlotte','Michelle','Johnson','28209','NC',DATE '1968-02-25'),
('035','2346 Ridenour Street','Miami','Kristen','Seibert','33128','FL',DATE '2001-04-08'),
('036','1209 Shadowmar Drive','Metairie','John','Keller','70006','LA',DATE '1975-05-12'),
('037','4962 Front Street','Southfield','James','Pollard','48075','MI',DATE '1971-07-16'),
('038','2125 Green Gate Lane','Linthicum Heights','Gladys','Kass','21090','MD',DATE '1997-02-18'),
('039','324 Pin Oak Drive','Clinton','Anthony','Becker','52732','IA',DATE '1990-03-24'),
('040','2758 Grant View Drive','Milwaukee','Thelma','Treadwell','53218','WI',DATE '1996-03-06'),
('041','4085 Clarksburg Park Road','Phoenix','Kay','Quinonez','85012','AZ',DATE '1999-04-04'),
('042','1494 Charla Lane','Plano','David','Patridge','75075','TX',DATE '2001-03-11'),
('043','1314 Libby Street','Hawthorne','Robert','Winningham','90250','CA',DATE '1971-07-01'),
('044','1555 Junkins Avenue','Thomasville','Lori','Nelson','31729','GA',DATE '2000-01-17'),
('045','4343 Park Boulevard','Casey','Michael','Evans','50048','IA',DATE '1973-08-27'),
('046','2349 Simpson Street','Elmwood','Felipe','Strum','61529','IL',DATE '1966-09-14'),
('047','3989 Central Avenue','Bayonne','Chana','Meyer','07002','NJ',DATE '1973-11-05'),
('048','1124 Wilson Street','Victorville','Ida','Ellis','92392','CA',DATE '1974-05-16'),
('049','1525 Davis Court','Stlouis','Courtney','Wilhoit','63101','IL',DATE '2001-08-02'),
('050','3133 Cherry Ridge Drive','Rochester','Anna','Davis','14616','NY',DATE '1989-02-15'),
('051','1713 Sunburst Drive','Fort Myers','Scott','Carter','33901','FL',DATE '1975-01-05'),
('052','2004 Ray Court','Fayetteville','Richard','Fleming','28305','NC',DATE '1966-05-02'),
('053','4054 Davis Avenue','Petaluma','Chris','Dillard','94952','CA',DATE '1985-12-13'),
('054','3125 Raoul Wallenberg Place','New Haven','Alphonso','Ellingson','06511','CT',DATE '1960-05-23'),
('055','3804 Hornor Avenue','Mcalester','Sarah','Cowles','74501','OK',DATE '1968-07-18'),
('056','348 Green Acres Road','Havelock','Patricia','Melton','28532','NC',DATE '1967-04-21'),
('057','4800 Eagle Drive','Detroit','Tia','Lopez','48219','MI',DATE '1995-08-11'),
('058','2479 Adams Drive','Calvert','Denise','Delgado','77837','TX',DATE '1970-01-24'),
('059','1538 O Conner Street','Albany','Pamela','Clem','31707','GA',DATE '2002-07-27'),
('060','230 Limer Street','Rising Fawn','Kathryn','Polson','30738','GA',DATE '2003-09-22'),
('061','3149 Elliot Avenue','Seattle','Mary','Warren','98122','WA',DATE '1986-11-15'),
('062','4271 Hillview Drive','Oakland','Jerry','Albertson','94612','CA',DATE '1975-05-17'),
('063','4470 Deer Ridge Drive','Montclair','William','Joseph','07042','NJ',DATE '1981-11-23'),
('064','2910 Burning Memory Lane','Philadelphia','Nannie','Burns','19103','PA',DATE '2003-09-30'),
('065','1319 Rardin Drive','Burlingame','Henry','Weiss','94010','CA',DATE '1967-07-13'),
('066','3519 Charmaine Lane','Stratford','Julie','Uribe','79084','TX',DATE '1982-08-07'),
('067','3548 Primrose Lane','North Freedom','Tomas','Barbieri','53951','WI',DATE '1985-05-05'),
('068','4386 Lyon Avenue','New Bedford','David','Gould','02740','MA',DATE '1985-11-28'),
('069','3408 Columbia Road','Wilmington','Martha','Hancock','19801','DE',DATE '1971-06-02'),
('070','125 Pinchelone Street','Portsmouth','Walter','Donovan','23707','VA',DATE '1997-08-17'),
('071','1639 Ashcraft Court','San Diego','James','Ryan','92123','CA',DATE '2002-04-30'),
('072','1510 Freed Drive','Stockton','Jean','Doyle','95202','CA',DATE '2004-01-27'),
('073','77 Charla Lane','Duncanville','Joseph','Dean','75116','TX',DATE '1986-12-28'),
('074','4441 Hide A Way Road','San Jose','Rodney','Mcdonald','95120','CA',DATE '1970-01-27'),
('075','2906 Perine Street','Mclean','Kimberly','Thomas','22101','VA',DATE '2004-07-25'),
('076','1060 Java Lane','Augusta','Wendy','Burks','30902','SC',DATE '1997-08-27'),
('077','3869 Briarhill Lane','Akron','Greg','Taylor','44308','OH',DATE '1990-03-08'),
('078','1229 Smith Street','Needham','Ann','Brown','02192','MA',DATE '1965-08-19'),
('079','176 Oak Lane','Newtown','Willie','Barb','64667','MO',DATE '1998-04-29'),
('080','771 Sunburst Drive','Fort Myers','Peter','Shackelford','33912','FL',DATE '1967-11-01'),
('081','928 Stanton Hollow Road','Cambridge','Elizabeth','Golla','02141','MA',DATE '1963-02-20'),
('082','2992 Alpha Avenue','Longview','Dolores','Johnson','75601','TX',DATE '1984-06-15'),
('083','1322 Goldleaf Lane','Secaucus','William','Nixon','07094','NJ',DATE '1982-07-19'),
('084','3303 Preston Street','Belpre','Elmer','Paulson','67519','KS',DATE '1993-05-10'),
('085','1488 Selah Way','Brattleboro','Victoria','Streit','05301','VT',DATE '1979-07-30'),
('086','3568 Oakwood Avenue','New York','Lynn','Woods','10007','NY',DATE '1969-11-29'),
('087','160 Lewis Street','Wheeling','Gary','Horak','60090','IL',DATE '1995-09-27'),
('088','4820 Cheshire Road','Norwalk','Jeanne','Jones','06851','CT',DATE '2003-12-22'),
('089','4856 Simpson Street','Rock Island','Lori','Gates','61201','IL',DATE '1988-05-11'),
('090','3656 Timbercrest Road','Pump Station Ten','Deborah','Fabrizio','99701','AK',DATE '1986-08-14'),
('091','1493 Lucky Duck Drive','Mc Kees Rocks','Gregory','Moser','15136','PA',DATE '1985-09-08'),
('092','4424 Walnut Avenue','Lyndhurst','Georgette','Gomer','07071','NJ',DATE '1980-02-06'),
('093','2226 Star Route','Schaumburg','David','Woods','60173','IL',DATE '1974-07-07'),
('094','4154 Washburn Street','Baton Rouge','Clement','Pitts','70806','LA',DATE '1970-07-12'),
('095','364 Wetzel Lane','Grand Rapids','Oren','Magee','49503','MI',DATE '1963-11-29'),
('096','4292 Diamond Street','Boone','Margaret','Graham','28607','NC',DATE '1978-12-08'),
('097','1731 Calico Drive','Walla Walla','Cameron','Balentine','99362','WA',DATE '2001-03-24'),
('098','4562 Cody Ridge Road','Altus','Delmer','Conroy','73521','OK',DATE '1972-07-22'),
('099','2132 Waldeck Street','Azle','Martha','Hartley','76020','TX',DATE '1961-09-09'),
('100','4617 Mulberry Lane','West Palm Beach','Ned','England','33401','FL',DATE '1983-11-26'),
('101','2983 Stratford Court','Raleigh','Francisco','Johnson','27604','NC',DATE '1999-10-30'),
('102','4410 Burning Memory Lane','Philadelphia','Kristen','Olivares','19103','PA',DATE '1990-10-30'),
('103','4161 Limer Street','Dawsonville','Edwin','Chea','30534','GA',DATE '1999-11-29'),
('104','1426 Java Lane','Augusta','Richard','Lively','30902','SC',DATE '1969-12-13'),
('105','267 Joanne Lane','Quincy','Janine','Bell','02169','MA',DATE '1968-10-30'),
('106','1605 Caynor Circle','Rochelle Park','Kenneth','Baker','07662','NJ',DATE '1999-04-02'),
('107','3024 Tipple Road','Plymouth Meeting','Garrett','Lajoie','19462','PA',DATE '2001-08-20'),
('108','2792 Nancy Street','Wake Forest','Tod','Hensley','27587','NC',DATE '1969-05-30'),
('109','1408 Cheshire Road','Bridgeport','Joyce','Cole','06604','CT',DATE '1975-01-31'),
('110','1302 Ben Street','Grand Rapids','Nelson','Bias','49503','MI',DATE '2003-11-13'),
('111','4923 Spring Street','Bismarck','Rene','Rodriguez','61814','IL',DATE '1988-03-09'),
('112','3422 Granville Lane','Newark','Whitney','Caputo','07105','NJ',DATE '1987-01-12'),
('113','2574 Traction Street','Easley','Maria','Butcher','29640','SC',DATE '1963-05-28'),
('114','2636 Norman Street','Los Angeles','James','Williams','90042','CA',DATE '1988-01-08'),
('115','4332 Parkview Drive','Houston','Frank','Fazio','77040','TX',DATE '1996-10-19'),
('116','2052 Goosetown Drive','Mars Hill','John','Shaw','28754','NC',DATE '1984-05-04'),
('117','3065 Hidden Valley Road','Lancaster','Anthony','Thompson','17602','PA',DATE '1978-08-06'),
('118','4144 Pheasant Ridge Road','Warrington','Sandy','Pung','18976','PA',DATE '1973-08-31'),
('119','4302 Bartlett Avenue','Farmington Hills','Kristin','Cameron','48331','MI',DATE '1965-11-29'),
('120','1467 Dola Mine Road','Sanford','Sara','Boris','27330','NC',DATE '1976-04-22'),
('121','4304 Twin Oaks Drive','Bellaire','Michael','Hamilton','49615','MI',DATE '1991-07-08'),
('122','1346 Frank Avenue','Springfield','Cheryl','Elliott','01105','MA',DATE '1987-10-13'),
('123','1391 Riverside Drive','Augusta','Jeremy','Spiro','30901','GA',DATE '1962-12-23'),
('124','3397 Cardinal Lane','Independence','Nicholas','Richardson','44131','OH',DATE '1994-05-12'),
('125','846 Joy Lane','City Of Commerce','Carla','Vance','90040','CA',DATE '2001-08-20'),
('126','3524 Spring Avenue','Fort Washington','Jamie','Mizell','19034','PA',DATE '2000-01-16'),
('127','2486 Young Road','Boise','Jane','Wyant','83702','ID',DATE '1982-02-07'),
('128','481 Pointe Lane','Pompano Beach','Irene','Mcnamara','33064','FL',DATE '1997-10-28'),
('129','296 Lightning Point Drive','Memphis','Brandon','Dulin','38117','TN',DATE '1983-12-01'),
('130','740 Pallet Street','Garden City','Norma','Crawford','11530','NY',DATE '1961-06-08'),
('131','2982 Davis Court','Stlouis','Mellie','Haldeman','63101','IL',DATE '1972-08-07'),
('132','4840 Mcwhorter Road','Pickens','Joan','Henderson','39146','MS',DATE '1962-07-13'),
('133','3178 Stiles Street','Pittsburgh','Andrew','Castillo','15219','PA',DATE '2004-02-22'),
('134','695 Yorkie Lane','St George','Samantha','Gambill','31646','GA',DATE '1969-11-28'),
('135','2849 Prospect Street','Camden','Gerald','Ballenger','08102','NJ',DATE '1981-09-10'),
('136','750 Ashwood Drive','Milford','Thelma','Cantrell','51351','IA',DATE '1977-06-25'),
('137','1488 Raintree Boulevard','Golden Valley','Jeffrey','Powell','55427','MN',DATE '1994-06-17'),
('138','1080 Oak Street','Raquette Lake','Sylvia','English','13436','NY',DATE '1977-04-30'),
('139','2913 Oakridge Lane','Augusta','Althea','Colburn','30901','GA',DATE '1970-10-29'),
('140','4978 Stratford Court','Raleigh','Richard','Davison','27601','NC',DATE '1999-05-01'),
('141','1906 Wildrose Lane','Detroit','Tracy','Xiong','48201','MI',DATE '2003-06-21'),
('142','4826 Hillside Drive','West Roxbury','Elizabeth','Embry','02132','MA',DATE '1998-03-12'),
('143','3828 Star Route','Burr Ridge','Deborah','Kenney','61257','IL',DATE '1993-08-01'),
('144','2600 Comfort Court','Madison','Luz','Roberts','53718','WI',DATE '1977-03-03'),
('145','1415 Rainy Day Drive','Waltham','Charles','Batey','02154','MA',DATE '2003-11-21'),
('146','2716 Willow Oaks Lane','Lake Charles','Elizabeth','Ardito','70629','LA',DATE '1989-08-17'),
('147','1213 Scheuvront Drive','Boulder','Shari','Lewis','80301','CO',DATE '1966-04-11'),
('148','3059 Perine Street','Washington','Robert','Ramsdell','20005','VA',DATE '1998-07-23'),
('149','4230 Reynolds Alley','Riverside','Casey','Sanders','92507','CA',DATE '1983-09-02'),
('150','1476 Adams Drive','West Columbia','Annie','Babbitt','77486','TX',DATE '1993-08-20'),
('151','915 Lake Forest Drive','Fairview Park','Louis','Thrash','10603','NY',DATE '2001-04-26'),
('152','3421 Victoria Street','Deerfield','Ida','Finney','60015','IL',DATE '1999-10-19'),
('153','4168 Robinson Lane','Newark','Johanna','Holley','43055','OH',DATE '1960-06-27'),
('154','1841 Polk Street','San Simon','Krystle','Booe','85632','AZ',DATE '1972-12-09'),
('155','4873 Devils Hill Road','Jackson','Jennifer','Foster','39201','MS',DATE '1987-10-22'),
('156','4133 Lonely Oak Drive','Mobile','Angela','Hiatt','36693','AL',DATE '1980-09-11'),
('157','3866 Lewis Street','Chicago','Manuel','Guerrero','60631','IL',DATE '1991-08-19'),
('158','4926 Clearview Drive','Louisville','Floyd','Huffman','80027','CO',DATE '1964-11-23'),
('159','2028 Retreat Avenue','Birmingham','Juanita','Hayden','35203','AL',DATE '1999-12-23'),
('160','2305 Cameron Road','Ellington','Billy','Alexander','14732','NY',DATE '2004-04-04'),
('161','4716 Cameron Road','Cheektowaga','Freddie','Hite','14227','NY',DATE '1981-10-03'),
('162','936 Shady Pines Drive','Hillsville','Alva','Read','24343','VA',DATE '1964-06-15'),
('163','3374 Austin Secret Lane','Castle Dale','Terrence','Niehaus','84513','UT',DATE '1965-04-08'),
('164','4576 Green Street','Nashville','Marilyn','Crigger','37207','TN',DATE '1993-05-26'),
('165','1193 Ingram Road','Burlington','Oma','Howard','27244','NC',DATE '1968-09-18'),
('166','2714 Hall Valley Drive','Summersville','Christopher','Padilla','26651','WV',DATE '1991-08-25'),
('167','3208 Russell Street','Bedford','Teresa','Zajac','01730','MA',DATE '1990-02-20'),
('168','4399 Comfort Court','Madison','Alfred','Nelson','53711','WI',DATE '1985-10-27'),
('169','3316 Black Oak Hollow Road','Santa Clara','Marlene','Cauthen','95054','CA',DATE '2004-05-25'),
('170','3764 Still Street','Buckland','William','Schrader','45819','OH',DATE '1964-12-23'),
('171','998 James Street','Fairport','Robert','Gower','14450','NY',DATE '1963-03-05'),
('172','875 Hart Street','Hartford','Denna','Keith','06182','CT',DATE '1978-02-15'),
('173','1501 Archwood Avenue','Mountain View','James','Behrens','82939','WY',DATE '2002-07-13'),
('174','4785 Barnes Street','Altamonte Springs','Charles','Wood','32701','FL',DATE '1985-09-25'),
('175','4922 Bartlett Avenue','Pontiac','Gail','Faust','48342','MI',DATE '1981-10-12'),
('176','512 Longview Avenue','Bronx','Georgia','Bunker','10452','NY',DATE '1972-08-03'),
('177','2447 Station Street','Hayward','Jimmy','Bentley','94545','CA',DATE '1971-11-29'),
('178','4433 Walnut Drive','Willow City','Hannah','Perry','58384','ND',DATE '1992-07-03'),
('179','2217 Turkey Pen Lane','Montgomery','George','Bandy','36117','AL',DATE '1971-03-30'),
('180','2018 Late Avenue','Lawton','Everett','Costello','73501','OK',DATE '1967-08-22'),
('181','1831 Cameron Road','Getzville','Elijah','Hunter','14068','NY',DATE '2000-12-02'),
('182','4111 Todds Lane','San Antonio','Rhoda','Marez','78225','TX',DATE '1988-01-10'),
('183','411 Angie Drive','Stevens Point','Daisy','Adams','54481','WI',DATE '2003-10-11'),
('184','1355 Mayo Street','Cincinnati','Angelo','Martin','45202','KY',DATE '1976-01-07'),
('185','833 Crestview Terrace','New Braunfels','Cathrine','Proctor','78130','TX',DATE '2000-10-16'),
('186','2446 Golden Street','Miami','Jennifer','Lema','33139','FL',DATE '1969-12-13'),
('187','3031 Shadowmar Drive','Metairie','Casey','Burris','70001','LA',DATE '1967-09-24'),
('188','1987 Rebecca Street','Rolling Meadows','Delmar','Oliver','60008','IL',DATE '1972-08-02'),
('189','3490 Jennifer Lane','Pittsboro','Jean','Beatty','27312','NC',DATE '1967-01-05'),
('190','4600 Station Street','San Jose','Robert','Freeman','95113','CA',DATE '1981-12-26'),
('191','3132 Deer Ridge Drive','Rochelle Park','Robert','Perry','07662','NJ',DATE '1982-10-05'),
('192','3326 Sugarfoot Lane','Lebanon','Jackie','Mason','46052','IN',DATE '2001-12-31'),
('193','1277 Holden Street','San Diego','Brent','Potter','92103','CA',DATE '1977-09-08'),
('194','1335 Parkway Drive','Tucson','Irene','Ellis','85712','AZ',DATE '2000-03-22'),
('195','1733 Center Street','Fresno','Sharon','Wallace','93721','CA',DATE '2000-09-12'),
('196','3583 Bee Street','Mc Bain','William','Wheaton','49657','MI',DATE '1972-07-05'),
('197','1284 Burwell Heights Road','Beaumont','Theodore','Morrison','77701','TX',DATE '1991-01-25'),
('198','513 Whiteman Street','Allentown','Jimmy','Starks','08501','NJ',DATE '2001-07-13'),
('199','1337 Todds Lane','San Antonio','Howard','Hare','78212','TX',DATE '1990-05-01'),
('200','2818 Thorn Street','Cheyenne','Jose','Blount','82003','WY',DATE '2000-01-13');

INSERT INTO transaction (customer_number, number, transaction_date, amount) VALUES
('001','17878406',DATE '2019-09-12',97.4),
('002','17878399',DATE '2019-05-30',91.75),
('003','17878435',DATE '2019-06-18',-37.35),
('004','17878458',DATE '2019-06-09',-27.16),
('005','17878454',DATE '2019-02-13',98.16),
('005','17878458',DATE '2019-02-13',-22.36),
('006','17878367',DATE '2018-12-03',42.45),
('007','17878401',DATE '2019-11-15',-94.83),
('008','17878425',DATE '2019-04-17',98.94),
('009','17878429',DATE '2019-09-29',-3.94),
('010','17878379',DATE '2019-08-28',50.74),
('011','17878408',DATE '2019-05-19',-99.15),
('011','17878416',DATE '2019-07-24',-14.56),
('011','17878450',DATE '2019-08-11',-67.34),
('012','17878422',DATE '2019-08-29',7.44),
('013','17878408',DATE '2019-07-06',-14.11),
('013','17878416',DATE '2019-02-15',70.69),
('013','17878446',DATE '2019-05-25',-7.36),
('014','17878365',DATE '2018-12-12',36.09),
('014','17878426',DATE '2019-09-15',41.9),
('015','17878382',DATE '2019-11-18',57.22),
('016','17878389',DATE '2019-06-06',-86.68),
('017','17878369',DATE '2019-11-03',71.71),
('017','17878398',DATE '2019-04-23',77.9),
('018','17878405',DATE '2018-12-08',5.17),
('018','17878436',DATE '2019-01-24',9.23),
('019','17878417',DATE '2019-08-31',3.96),
('020','17878439',DATE '2018-12-31',-32.47),
('022','17878387',DATE '2018-12-22',-22.1),
('022','17878422',DATE '2019-04-06',-55.01),
('023','17878366',DATE '2019-11-12',73.86),
('023','17878423',DATE '2019-08-23',-98.87),
('023','17878460',DATE '2019-06-23',-58.72),
('024','17878424',DATE '2019-02-22',29.0),
('025','17878461',DATE '2019-08-12',76.23),
('026','17878463',DATE '2019-07-01',36.7),
('027','17878441',DATE '2019-03-12',-23.96),
('029','17878367',DATE '2019-10-16',34.17),
('029','17878456',DATE '2019-11-05',-23.54),
('030','17878454',DATE '2019-08-29',-41.78),
('031','17878453',DATE '2019-02-13',-8.3),
('032','17878376',DATE '2019-01-14',-53.82),
('033','17878454',DATE '2019-06-13',-21.7),
('033','17878457',DATE '2019-11-18',-25.43),
('035','17878463',DATE '2019-09-20',69.34),
('036','17878372',DATE '2018-12-11',-13.86),
('036','17878430',DATE '2019-03-06',71.29),
('037','17878429',DATE '2019-06-04',15.96),
('037','17878431',DATE '2018-11-26',77.66),
('038','17878395',DATE '2019-04-06',-80.01),
('038','17878430',DATE '2019-04-14',-96.88),
('038','17878451',DATE '2019-10-15',-15.42),
('039','17878376',DATE '2019-01-19',68.19),
('040','17878441',DATE '2019-05-07',93.64),
('041','17878380',DATE '2019-07-05',36.2),
('043','17878411',DATE '2019-08-23',59.55),
('044','17878399',DATE '2019-04-28',39.14),
('044','17878444',DATE '2019-01-17',-47.7),
('045','17878420',DATE '2018-12-02',90.74),
('045','17878423',DATE '2019-05-05',30.72),
('045','17878435',DATE '2019-09-18',78.97),
('046','17878406',DATE '2019-04-17',52.3),
('046','17878417',DATE '2019-03-28',59.19),
('046','17878429',DATE '2019-04-02',-94.95),
('047','17878442',DATE '2019-03-21',9.27),
('048','17878378',DATE '2019-08-09',34.23),
('049','17878397',DATE '2018-12-11',-36.11),
('049','17878410',DATE '2019-06-23',-20.31),
('049','17878439',DATE '2019-08-15',-15.5),
('049','17878446',DATE '2019-02-27',29.85),
('050','17878367',DATE '2019-02-25',-62.75),
('050','17878416',DATE '2019-07-21',84.01),
('051','17878397',DATE '2019-02-12',30.06),
('051','17878403',DATE '2018-12-04',-48.12),
('052','17878431',DATE '2019-10-11',52.47),
('053','17878413',DATE '2019-01-09',46.75),
('053','17878439',DATE '2019-08-20',-4.91),
('054','17878399',DATE '2019-08-13',23.29),
('055','17878376',DATE '2018-12-26',-67.43),
('056','17878409',DATE '2019-04-09',-5.49),
('056','17878422',DATE '2019-10-29',-72.66),
('057','17878421',DATE '2019-07-04',-61.13),
('058','17878388',DATE '2019-04-05',57.33),
('059','17878454',DATE '2019-08-28',-55.8),
('060','17878371',DATE '2019-07-28',-85.96),
('061','17878389',DATE '2019-02-25',-84.49),
('061','17878411',DATE '2019-05-24',-69.74),
('063','17878447',DATE '2019-01-27',-83.16),
('063','17878453',DATE '2019-11-17',-13.62),
('064','17878414',DATE '2019-05-14',-61.4),
('064','17878417',DATE '2019-11-04',-7.66),
('064','17878448',DATE '2019-05-08',43.6),
('065','17878365',DATE '2019-07-28',58.45),
('065','17878422',DATE '2019-01-03',4.46),
('067','17878389',DATE '2019-01-19',81.4),
('068','17878376',DATE '2019-08-12',-73.98),
('069','17878371',DATE '2019-08-13',5.9),
('069','17878403',DATE '2019-02-10',18.63),
('069','17878411',DATE '2019-06-17',-86.58),
('069','17878431',DATE '2019-05-19',96.33),
('071','17878425',DATE '2019-03-19',84.98),
('072','17878396',DATE '2019-04-06',-87.78),
('073','17878369',DATE '2019-01-13',12.83),
('073','17878375',DATE '2019-11-09',-6.12),
('073','17878379',DATE '2019-06-25',35.04),
('074','17878402',DATE '2019-01-14',-31.35),
('074','17878405',DATE '2019-04-04',90.18),
('074','17878411',DATE '2019-07-17',48.84),
('075','17878394',DATE '2019-01-11',-49.89),
('075','17878411',DATE '2019-05-10',-13.94),
('076','17878383',DATE '2019-03-09',-29.77),
('077','17878433',DATE '2019-06-09',44.72),
('080','17878431',DATE '2018-12-08',2.13),
('081','17878400',DATE '2019-06-27',1.56),
('081','17878450',DATE '2019-02-11',56.34),
('082','17878370',DATE '2019-07-28',-41.43),
('083','17878404',DATE '2019-07-04',-16.4),
('083','17878445',DATE '2018-11-22',65.29),
('084','17878377',DATE '2019-04-23',-9.37),
('085','17878387',DATE '2019-07-06',61.63),
('085','17878430',DATE '2019-08-12',-44.02),
('086','17878364',DATE '2019-07-26',21.18),
('086','17878456',DATE '2019-01-01',95.97),
('088','17878425',DATE '2019-05-23',65.96),
('088','17878446',DATE '2019-01-21',-74.1),
('089','17878417',DATE '2019-09-17',-66.11),
('090','17878425',DATE '2019-02-10',-56.75),
('091','17878408',DATE '2018-12-29',-81.03),
('091','17878449',DATE '2019-01-02',31.83),
('093','17878377',DATE '2019-10-18',61.56),
('093','17878378',DATE '2019-10-06',-52.96),
('093','17878392',DATE '2019-07-10',47.9),
('093','17878395',DATE '2019-04-28',-89.63),
('093','17878421',DATE '2019-06-17',13.71),
('094','17878376',DATE '2019-09-05',-26.28),
('094','17878381',DATE '2019-01-02',4.72),
('098','17878441',DATE '2019-01-16',-18.94),
('098','17878456',DATE '2019-04-04',-86.52),
('099','17878394',DATE '2019-03-10',39.92),
('099','17878404',DATE '2019-11-20',71.13),
('101','17878384',DATE '2019-06-23',67.28),
('101','17878436',DATE '2019-10-06',80.03),
('103','17878453',DATE '2019-03-19',21.1),
('104','17878433',DATE '2018-12-26',-75.21),
('106','17878365',DATE '2019-02-23',-14.66),
('106','17878372',DATE '2019-09-09',43.62),
('106','17878410',DATE '2019-10-05',-37.76),
('106','17878427',DATE '2018-12-02',-63.1),
('107','17878402',DATE '2019-03-26',-59.61),
('107','17878402',DATE '2019-09-27',-59.77),
('107','17878434',DATE '2019-04-23',-79.99),
('108','17878404',DATE '2018-12-06',58.0),
('110','17878381',DATE '2019-08-25',73.21),
('110','17878401',DATE '2019-05-28',3.67),
('111','17878374',DATE '2019-03-29',22.34),
('111','17878399',DATE '2019-01-16',73.16),
('112','17878409',DATE '2019-08-01',91.75),
('112','17878460',DATE '2018-12-23',64.93),
('114','17878368',DATE '2019-11-20',-53.6),
('114','17878392',DATE '2019-02-08',56.55),
('115','17878440',DATE '2018-12-20',99.3),
('116','17878402',DATE '2019-06-08',94.57),
('117','17878380',DATE '2019-07-16',-45.37),
('118','17878424',DATE '2019-01-27',-30.54),
('118','17878447',DATE '2019-08-28',-98.41),
('118','17878448',DATE '2019-10-31',31.18),
('118','17878459',DATE '2019-05-19',88.67),
('118','17878462',DATE '2019-11-09',27.77),
('119','17878414',DATE '2019-06-08',17.61),
('120','17878373',DATE '2019-10-12',34.13),
('122','17878370',DATE '2018-12-26',-88.33),
('122','17878434',DATE '2019-06-06',-29.79),
('122','17878457',DATE '2018-12-10',-75.34),
('123','17878386',DATE '2019-05-16',51.61),
('123','17878433',DATE '2019-08-13',60.42),
('124','17878433',DATE '2019-06-16',-52.4),
('125','17878401',DATE '2019-05-16',21.48),
('126','17878395',DATE '2019-07-28',59.64),
('126','17878426',DATE '2019-08-19',92.51),
('126','17878449',DATE '2019-05-28',-78.93),
('126','17878454',DATE '2019-11-21',-86.14),
('127','17878372',DATE '2018-12-16',48.16),
('127','17878403',DATE '2018-12-01',96.29),
('127','17878416',DATE '2019-03-20',-80.18),
('128','17878425',DATE '2018-12-30',-26.65),
('128','17878425',DATE '2019-01-26',54.38),
('130','17878454',DATE '2019-04-12',69.01),
('131','17878402',DATE '2019-09-12',42.03),
('131','17878404',DATE '2019-01-02',-5.22),
('132','17878369',DATE '2019-01-28',-21.45),
('132','17878403',DATE '2019-07-15',-96.07),
('133','17878425',DATE '2019-09-24',68.69),
('134','17878456',DATE '2019-06-17',9.35),
('135','17878384',DATE '2019-06-02',39.22),
('135','17878386',DATE '2019-09-05',-98.9),
('136','17878455',DATE '2019-03-06',9.24),
('137','17878375',DATE '2019-03-24',87.31),
('137','17878436',DATE '2019-11-13',54.18),
('138','17878418',DATE '2019-08-09',-65.4),
('138','17878418',DATE '2019-11-20',24.23),
('140','17878427',DATE '2019-10-31',-40.26),
('140','17878461',DATE '2019-03-16',-80.48),
('141','17878395',DATE '2019-08-07',37.76),
('141','17878404',DATE '2019-05-24',27.51),
('141','17878441',DATE '2019-01-28',-86.44),
('141','17878455',DATE '2019-04-26',-10.81),
('142','17878394',DATE '2018-12-06',-5.8),
('144','17878365',DATE '2019-01-30',-7.27),
('146','17878444',DATE '2019-05-08',-99.96),
('146','17878457',DATE '2019-08-16',-65.18),
('148','17878368',DATE '2019-09-16',64.45),
('148','17878376',DATE '2019-09-13',-35.66),
('148','17878434',DATE '2019-05-30',92.01),
('149','17878414',DATE '2019-10-18',83.9),
('149','17878432',DATE '2018-12-24',-11.85),
('149','17878433',DATE '2019-09-24',69.51),
('149','17878457',DATE '2019-01-04',88.21),
('151','17878402',DATE '2019-06-21',59.15),
('152','17878449',DATE '2019-08-08',45.62),
('152','17878451',DATE '2018-12-24',-52.07),
('152','17878459',DATE '2019-01-17',64.82),
('152','17878459',DATE '2019-01-26',-51.78),
('153','17878384',DATE '2019-09-21',32.65),
('153','17878385',DATE '2019-01-23',11.4),
('153','17878386',DATE '2018-12-16',-22.38),
('153','17878391',DATE '2019-05-28',-85.01),
('153','17878462',DATE '2019-10-27',-85.58),
('154','17878412',DATE '2018-12-23',-22.42),
('155','17878383',DATE '2018-11-29',37.53),
('155','17878394',DATE '2019-06-05',-69.96),
('155','17878427',DATE '2019-06-14',-12.25),
('157','17878398',DATE '2019-06-28',-47.05),
('157','17878417',DATE '2019-02-22',3.96),
('157','17878421',DATE '2019-06-29',4.03),
('157','17878462',DATE '2019-10-25',25.41),
('158','17878396',DATE '2019-06-29',27.0),
('160','17878387',DATE '2019-02-15',-86.53),
('161','17878455',DATE '2019-04-09',50.58),
('162','17878381',DATE '2019-07-17',8.73),
('164','17878380',DATE '2019-10-11',-50.05),
('164','17878394',DATE '2019-04-05',84.76),
('165','17878376',DATE '2019-08-16',-17.24),
('165','17878400',DATE '2019-01-12',-6.36),
('165','17878406',DATE '2019-09-21',-87.35),
('165','17878412',DATE '2019-04-05',31.22),
('165','17878423',DATE '2019-06-05',-92.76),
('165','17878453',DATE '2019-10-21',-96.42),
('166','17878385',DATE '2019-09-14',-24.85),
('167','17878377',DATE '2019-02-13',93.3),
('167','17878415',DATE '2018-11-23',46.33),
('167','17878456',DATE '2019-05-27',-67.9),
('167','17878457',DATE '2019-05-19',40.3),
('169','17878459',DATE '2019-07-22',-23.79),
('171','17878425',DATE '2019-01-14',89.31),
('172','17878462',DATE '2019-03-28',-70.53),
('173','17878437',DATE '2019-03-08',-68.97),
('173','17878461',DATE '2019-01-27',13.72),
('175','17878441',DATE '2019-09-26',-19.53),
('175','17878455',DATE '2018-12-05',4.8),
('176','17878390',DATE '2019-02-25',25.1),
('176','17878450',DATE '2019-04-09',-40.88),
('177','17878378',DATE '2019-07-22',-75.45),
('178','17878388',DATE '2018-12-29',-67.14),
('178','17878409',DATE '2019-06-29',-25.28),
('179','17878407',DATE '2019-04-01',-49.56),
('179','17878412',DATE '2018-11-30',-48.37),
('179','17878422',DATE '2019-04-21',30.26),
('179','17878453',DATE '2019-02-22',55.82),
('181','17878396',DATE '2019-11-11',-54.35),
('181','17878463',DATE '2019-01-18',32.12),
('184','17878375',DATE '2019-02-02',-81.76),
('184','17878431',DATE '2019-07-31',78.54),
('184','17878433',DATE '2019-01-21',-41.33),
('185','17878365',DATE '2019-07-08',60.36),
('185','17878393',DATE '2019-10-25',46.94),
('186','17878410',DATE '2019-04-17',3.48),
('186','17878449',DATE '2019-10-15',-96.71),
('186','17878452',DATE '2019-01-17',-14.81),
('187','17878430',DATE '2019-06-25',21.19),
('187','17878441',DATE '2019-05-28',75.81),
('188','17878449',DATE '2019-05-03',20.55),
('189','17878379',DATE '2019-07-10',97.82),
('190','17878381',DATE '2019-10-15',16.73),
('191','17878378',DATE '2019-11-11',59.76),
('191','17878407',DATE '2019-09-27',64.56),
('191','17878414',DATE '2019-06-08',-95.88),
('191','17878428',DATE '2019-11-02',62.54),
('192','17878370',DATE '2019-02-25',-78.27),
('192','17878384',DATE '2019-05-18',90.8),
('193','17878371',DATE '2019-06-06',-1.2),
('193','17878393',DATE '2019-04-14',-32.31),
('193','17878412',DATE '2019-08-14',77.62),
('193','17878456',DATE '2019-03-13',-35.99),
('194','17878368',DATE '2019-08-14',-92.25),
('194','17878450',DATE '2019-03-25',15.19),
('194','17878458',DATE '2018-12-04',-17.33),
('195','17878409',DATE '2019-04-16',80.2),
('195','17878430',DATE '2019-08-16',30.55),
('196','17878387',DATE '2019-09-25',81.88),
('196','17878391',DATE '2019-02-06',-93.62),
('196','17878402',DATE '2019-07-29',83.42),
('197','17878401',DATE '2019-08-10',7.58),
('197','17878430',DATE '2018-11-26',37.4),
('198','17878376',DATE '2019-07-21',-27.88),
('198','17878403',DATE '2019-04-15',5.49),
('198','17878422',DATE '2019-08-11',52.35),
('198','17878424',DATE '2018-11-22',81.75),
('199','17878371',DATE '2019-11-12',73.72),
('199','17878408',DATE '2019-03-24',18.7),
('199','17878449',DATE '2019-05-10',-66.37);


insert into subscription (number, status, distributor_number, creation_date, update_date, title, last_name, first_name, email_address, phone_number, loan_overdraft, loan_term, loan_tnc, loan_teg, loan_taeg, loan_month_pay) values 
(20231026000789, 'APPROVED', '632', TIMESTAMP '2023-05-09 10:25:13', TIMESTAMP '2023-06-09 11:21:42', 'Mr', 'Witheford', 'Ariana', 'Witheford.Ariana@gmail.com', '7299180895', 7745.55, 20, 90.5, 53.87, 16.35, 447.68),
(20231026000852, 'REFUSED', '034', TIMESTAMP '2023-08-20 10:23:28', TIMESTAMP '2023-06-09 14:27:35', 'Mr', 'Dolphin', 'Anthea', 'Dolphin.Anthea@gmail.com', '4962806085', 6914.1, 19, 20.14, 61.71, 93.69, 308.68),
(20231026000831, 'REFUSED', '632', TIMESTAMP '2022-12-12 22:30:16', TIMESTAMP '2023-07-15 18:44:23', 'Mr', 'Fosten', 'Clint', 'Fosten.Clint@gmail.com', '6063735833', 3328.28, 12, 80.88, 3.49, 1.84, 289.33),
(20231026000692, 'STARTED', '632', TIMESTAMP '2023-03-23 02:52:11', TIMESTAMP '2023-06-21 05:06:17', 'Ms', 'Bront', 'Selia', 'Bront.Selia@gmail.com', '5935662784', 5855.69, 18, 32.16, 15.89, 40.36, 183.75),
(20231026000741, 'CANCELED', '632', TIMESTAMP '2022-11-28 16:55:51', TIMESTAMP '2022-11-27 00:08:57', 'Mr', 'Zebedee', 'Ruth', 'Zebedee.Ruth@gmail.com', '6512305432', 5348.46, 11, 51.6, 89.59, 89.52, 325.13),
(20231026000778, 'CANCELED', '034', TIMESTAMP '2023-07-21 05:26:03', TIMESTAMP '2022-12-25 01:48:28', 'Ms', 'Hagerty', 'Gennifer', 'Hagerty.Gennifer@gmail.com', '2609849716', 4109.82, 13, 9.62, 44.86, 93.58, 416.13),
(20231026000632, 'APPROVED', '632', TIMESTAMP '2022-11-24 08:57:21', TIMESTAMP '2023-08-01 17:09:52', 'Mr', 'Jedrych', 'Elvira', 'Jedrych.Elvira@gmail.com', '2942366724', 3444.18, 20, 53.54, 82.14, 31.77, 927.32),
(20231026000732, 'STARTED', '846', TIMESTAMP '2023-07-04 20:47:03', TIMESTAMP '2023-02-22 05:53:38', 'Mrs', 'Beadnell', 'Eva', 'Beadnell.Eva@gmail.com', '4531597843', 4036.18, 8, 59.24, 69.76, 14.67, 413.73),
(20231026000731, 'STARTED', '846', TIMESTAMP '2023-03-16 17:24:54', TIMESTAMP '2023-07-26 23:24:25', 'Mr', 'Martignon', 'Calvin', 'Martignon.Calvin@gmail.com', '4654924321', 9835.45, 14, 74.17, 49.61, 46.46, 590.0),
(20231026000440, 'REFUSED', '034', TIMESTAMP '2023-03-12 09:59:20', TIMESTAMP '2023-06-13 02:40:16', 'Mr', 'Ramelot', 'Niels', 'Ramelot.Niels@gmail.com', '7637441538', 9394.17, 6, 17.77, 98.64, 24.8, 218.35),
(20231026000685, 'CANCELED', '846', TIMESTAMP '2023-02-01 16:08:20', TIMESTAMP '2023-05-01 06:37:15', 'Mr', 'McConville', 'Eulalie', 'McConville.Eulalie@gmail.com', '6261792289', 2357.21, 6, 50.98, 25.15, 84.09, 615.72),
(20231026000347, 'REFUSED', '100', TIMESTAMP '2023-06-01 10:53:23', TIMESTAMP '2023-01-08 07:48:19', 'Mr', 'Disney', 'Osmond', 'Disney.Osmond@gmail.com', '3849970132', 1289.31, 14, 12.65, 23.99, 54.7, 109.96),
(20231026000895, 'STARTED', '100', TIMESTAMP '2023-06-05 23:25:01', TIMESTAMP '2023-03-15 12:54:21', 'Dr', 'Insko', 'Donia', 'Insko.Donia@gmail.com', '9279302322', 6494.36, 16, 7.69, 45.51, 72.58, 308.56),
(20231026000359, 'REFUSED', '100', TIMESTAMP '2022-12-18 04:13:26', TIMESTAMP '2023-08-15 23:19:27', 'Mr', 'Dicey', 'Leora', 'Dicey.Leora@gmail.com', '6229724520', 1484.57, 13, 20.66, 49.21, 15.88, 47.3),
(20231026000487, 'REFUSED', '034', TIMESTAMP '2023-07-09 09:22:10', TIMESTAMP '2023-06-14 03:45:37', 'Mrs', 'Stenyng', 'Sonnie', 'Stenyng.Sonnie@gmail.com', '8214203028', 3007.41, 6, 14.81, 86.87, 25.47, 663.14),
(20231026000609, 'STARTED', '100', TIMESTAMP '2023-09-24 15:58:08', TIMESTAMP '2023-01-05 23:53:47', 'Mr', 'Morrowe', 'Jarrod', 'Morrowe.Jarrod@gmail.com', '7397581427', 9105.69, 20, 71.79, 8.14, 88.73, 323.57),
(20231026000642, 'REFUSED', '034', TIMESTAMP '2023-10-26 12:00:51', TIMESTAMP '2023-05-14 22:23:42', 'Ms', 'Ropkins', 'Jayme', 'Ropkins.Jayme@gmail.com', '8584962059', 5166.43, 11, 74.14, 65.79, 28.25, 450.27),
(20231026000626, 'APPROVED', '034', TIMESTAMP '2023-07-06 22:57:05', TIMESTAMP '2023-09-25 22:34:17', 'Ms', 'Winley', 'Alissa', 'Winley.Alissa@gmail.com', '5116176846', 8553.94, 12, 45.8, 59.57, 85.19, 579.76),
(20231026000522, 'CANCELED', '632', TIMESTAMP '2022-12-17 15:51:13', TIMESTAMP '2023-03-10 04:17:35', 'Mr', 'Colliard', 'Jamison', 'Colliard.Jamison@gmail.com', '7272218513', 3436.72, 6, 96.56, 39.36, 20.73, 900.12),
(20231026000654, 'REFUSED', '846', TIMESTAMP '2023-06-25 02:27:32', TIMESTAMP '2023-06-07 20:40:22', 'Dr', 'Beedon', 'Meredith', 'Beedon.Meredith@gmail.com', '8723675441', 3661.33, 15, 62.27, 45.07, 28.85, 187.23),
(20231026000853, 'CANCELED', '100', TIMESTAMP '2023-04-30 23:09:59', TIMESTAMP '2023-03-13 17:30:55', 'Ms', 'Dungay', 'Lissa', 'Dungay.Lissa@gmail.com', '7547505593', 8615.05, 10, 59.22, 9.38, 41.65, 102.88),
(20231026000672, 'APPROVED', '100', TIMESTAMP '2023-05-27 21:50:38', TIMESTAMP '2023-04-29 06:24:35', 'Mr', 'Trenear', 'Irvin', 'Trenear.Irvin@gmail.com', '5216949619', 7306.46, 12, 65.04, 90.09, 40.05, 351.93),
(20231026000567, 'APPROVED', '034', TIMESTAMP '2023-09-02 13:39:49', TIMESTAMP '2022-10-28 21:52:19', 'Mrs', 'Batham', 'Stefanie', 'Batham.Stefanie@gmail.com', '9553205775', 7935.51, 9, 60.48, 10.57, 85.82, 583.8),
(20231026000362, 'APPROVED', '632', TIMESTAMP '2023-04-30 09:43:47', TIMESTAMP '2023-07-08 06:04:15', 'Mrs', 'Moules', 'Reube', 'Moules.Reube@gmail.com', '1212921705', 4358.05, 8, 96.15, 92.27, 63.63, 868.93),
(20231026000517, 'REFUSED', '100', TIMESTAMP '2023-04-07 10:15:15', TIMESTAMP '2022-12-28 01:01:13', 'Dr', 'Anslow', 'Max', 'Anslow.Max@gmail.com', '4212424856', 5071.44, 16, 5.38, 64.89, 29.86, 357.76),
(20231026000400, 'REFUSED', '846', TIMESTAMP '2022-12-08 14:10:27', TIMESTAMP '2023-07-27 13:02:46', 'Mrs', 'Mechic', 'Martita', 'Mechic.Martita@gmail.com', '1663547960', 4388.27, 13, 44.58, 24.25, 89.55, 271.42),
(20231026000687, 'CANCELED', '846', TIMESTAMP '2023-06-12 21:52:07', TIMESTAMP '2022-12-02 21:02:14', 'Mr', 'Ormonde', 'Cletis', 'Ormonde.Cletis@gmail.com', '7798534570', 670.98, 20, 65.96, 81.01, 73.87, 725.51),
(20231026000905, 'APPROVED', '632', TIMESTAMP '2023-06-26 02:33:27', TIMESTAMP '2023-05-14 09:06:07', 'Mr', 'Tomlinson', 'Noemi', 'Tomlinson.Noemi@gmail.com', '3659892690', 7412.68, 15, 21.9, 1.29, 91.78, 579.1),
(20231026000313, 'STARTED', '100', TIMESTAMP '2023-06-19 02:20:05', TIMESTAMP '2023-09-14 09:39:46', 'Mr', 'Neath', 'Sydney', 'Neath.Sydney@gmail.com', '9368244193', 4545.95, 6, 3.81, 54.08, 87.88, 245.95),
(20231026000871, 'CANCELED', '100', TIMESTAMP '2023-09-11 07:05:41', TIMESTAMP '2023-08-07 06:12:39', 'Mr', 'Charley', 'Anjela', 'Charley.Anjela@gmail.com', '4801202454', 6500.72, 16, 28.65, 95.9, 46.56, 953.82),
(20231026000644, 'APPROVED', '632', TIMESTAMP '2022-11-24 15:23:16', TIMESTAMP '2023-08-12 15:01:02', 'Mr', 'Caplis', 'Sheff', 'Caplis.Sheff@gmail.com', '7998745215', 6352.12, 6, 54.25, 24.46, 70.76, 92.09),
(20231026000975, 'APPROVED', '846', TIMESTAMP '2023-09-13 22:56:43', TIMESTAMP '2023-10-26 11:29:26', 'Mr', 'Yurkevich', 'Phillie', 'Yurkevich.Phillie@gmail.com', '4087620833', 808.01, 12, 15.29, 61.67, 52.93, 610.69),
(20231026000444, 'APPROVED', '100', TIMESTAMP '2022-11-08 15:24:07', TIMESTAMP '2023-04-29 00:04:54', 'Mr', 'Lindman', 'Juana', 'Lindman.Juana@gmail.com', '2141415509', 6253.3, 8, 12.91, 71.51, 32.38, 271.36),
(20231026000374, 'STARTED', '034', TIMESTAMP '2023-01-14 09:30:55', TIMESTAMP '2023-03-14 22:40:15', 'Ms', 'Dehmel', 'Katya', 'Dehmel.Katya@gmail.com', '6152462987', 3317.35, 10, 57.38, 10.28, 87.71, 645.81),
(20231026000659, 'REFUSED', '034', TIMESTAMP '2023-01-07 09:05:12', TIMESTAMP '2023-05-30 07:13:52', 'Dr', 'Rhodes', 'Kacy', 'Rhodes.Kacy@gmail.com', '5066542031', 9122.97, 18, 68.84, 94.96, 68.96, 758.14),
(20231026000384, 'APPROVED', '034', TIMESTAMP '2022-11-19 03:30:27', TIMESTAMP '2023-06-10 08:41:48', 'Mr', 'Piller', 'Jordana', 'Piller.Jordana@gmail.com', '1706499031', 2834.99, 13, 45.77, 43.32, 77.87, 713.38),
(20231026000896, 'REFUSED', '034', TIMESTAMP '2023-09-10 17:56:24', TIMESTAMP '2023-10-25 13:33:43', 'Mr', 'Holehouse', 'Marcelle', 'Holehouse.Marcelle@gmail.com', '7669562276', 1468.54, 11, 5.93, 76.18, 84.76, 450.85),
(20231026000721, 'STARTED', '846', TIMESTAMP '2022-12-19 18:05:33', TIMESTAMP '2023-07-30 00:45:35', 'Dr', 'Sherburn', 'Cyndia', 'Sherburn.Cyndia@gmail.com', '6382854314', 7449.46, 14, 65.05, 29.26, 73.21, 241.64),
(20231026000291, 'REFUSED', '034', TIMESTAMP '2023-06-09 12:59:15', TIMESTAMP '2022-11-25 22:13:17', 'Mr', 'Woodman', 'Rosaline', 'Woodman.Rosaline@gmail.com', '2174134214', 6156.18, 13, 23.12, 11.62, 98.22, 900.5),
(20231026000960, 'CANCELED', '100', TIMESTAMP '2023-09-14 15:03:16', TIMESTAMP '2023-09-18 17:20:02', 'Mr', 'Deegin', 'Conroy', 'Deegin.Conroy@gmail.com', '2081185085', 9482.2, 19, 87.28, 71.47, 84.56, 887.33),
(20231026000807, 'STARTED', '846', TIMESTAMP '2023-06-14 20:22:48', TIMESTAMP '2022-11-15 11:34:09', 'Mr', 'Veasey', 'Donnie', 'Veasey.Donnie@gmail.com', '7762351028', 2125.35, 12, 46.81, 55.09, 32.09, 728.43),
(20231026000390, 'CANCELED', '632', TIMESTAMP '2023-07-19 16:47:59', TIMESTAMP '2022-10-28 07:37:31', 'Mr', 'Lattimore', 'Godard', 'Lattimore.Godard@gmail.com', '9688705274', 3648.28, 7, 40.07, 76.71, 23.38, 969.13),
(20231026000669, 'REFUSED', '846', TIMESTAMP '2023-01-13 23:56:12', TIMESTAMP '2023-08-19 11:54:38', 'Mr', 'Fairnington', 'Jodi', 'Fairnington.Jodi@gmail.com', '8086649248', 7989.32, 19, 39.22, 10.14, 53.85, 20.54),
(20231026000998, 'CANCELED', '632', TIMESTAMP '2023-09-06 14:20:30', TIMESTAMP '2023-06-06 19:25:39', 'Mr', 'Matkovic', 'Garrett', 'Matkovic.Garrett@gmail.com', '1301997907', 3039.63, 18, 80.19, 67.41, 93.51, 663.69),
(20231026000375, 'REFUSED', '846', TIMESTAMP '2022-12-15 15:08:46', TIMESTAMP '2022-11-10 18:36:32', 'Mrs', 'Baudichon', 'Fitz', 'Baudichon.Fitz@gmail.com', '9752470355', 8048.19, 19, 76.99, 4.45, 83.95, 86.06),
(20231026000426, 'STARTED', '100', TIMESTAMP '2022-11-13 05:12:03', TIMESTAMP '2023-05-20 12:28:07', 'Mrs', 'Tregien', 'Isabeau', 'Tregien.Isabeau@gmail.com', '8515680486', 9906.59, 10, 40.67, 93.92, 5.94, 409.71),
(20231026000351, 'REFUSED', '034', TIMESTAMP '2023-02-19 13:34:48', TIMESTAMP '2023-05-24 13:47:46', 'Mr', 'MacGorley', 'Barbara', 'MacGorley.Barbara@gmail.com', '1933356435', 7893.62, 13, 83.14, 43.01, 13.76, 910.84),
(20231026000854, 'REFUSED', '100', TIMESTAMP '2023-05-07 02:02:02', TIMESTAMP '2023-05-11 19:59:48', 'Mr', 'Lambshine', 'Tine', 'Lambshine.Tine@gmail.com', '4755183374', 1520.58, 10, 72.55, 83.08, 59.76, 144.21),
(20231026000893, 'STARTED', '100', TIMESTAMP '2023-07-20 13:09:50', TIMESTAMP '2023-05-16 06:23:42', 'Mr', 'Helsby', 'Minne', 'Helsby.Minne@gmail.com', '9509542431', 1319.19, 15, 93.79, 15.9, 52.99, 613.84),
(20231026000906, 'APPROVED', '034', TIMESTAMP '2022-11-09 08:30:50', TIMESTAMP '2023-06-19 19:53:44', 'Mr', 'Trendle', 'Elga', 'Trendle.Elga@gmail.com', '3156035184', 9634.69, 15, 80.43, 54.73, 11.05, 264.49),
(20231026000859, 'REFUSED', '034', TIMESTAMP '2023-05-29 11:26:29', TIMESTAMP '2022-11-22 13:09:38', 'Mr', 'Kiddey', 'Carling', 'Kiddey.Carling@gmail.com', '2116386722', 6841.0, 12, 51.11, 10.41, 68.33, 42.21),
(20231026000770, 'STARTED', '632', TIMESTAMP '2023-04-09 22:51:23', TIMESTAMP '2023-01-28 06:25:09', 'Mr', 'Kell', 'Melita', 'Kell.Melita@gmail.com', '4536633586', 8232.5, 13, 37.01, 95.67, 98.29, 38.48),
(20231026000742, 'APPROVED', '100', TIMESTAMP '2023-08-04 15:22:36', TIMESTAMP '2023-05-25 07:05:24', 'Dr', 'Bigg', 'Giusto', 'Bigg.Giusto@gmail.com', '9708615340', 632.6, 13, 79.37, 8.49, 67.67, 304.03),
(20231026000512, 'STARTED', '846', TIMESTAMP '2023-01-14 09:31:26', TIMESTAMP '2023-03-09 10:23:36', 'Dr', 'Maddie', 'Deana', 'Maddie.Deana@gmail.com', '6553577214', 6772.79, 15, 89.97, 99.77, 39.74, 169.61),
(20231026000680, 'CANCELED', '846', TIMESTAMP '2023-07-05 03:57:54', TIMESTAMP '2023-10-02 05:31:15', 'Dr', 'Walburn', 'Hesther', 'Walburn.Hesther@gmail.com', '2629171454', 6697.96, 14, 77.29, 97.55, 94.02, 648.65),
(20231026000830, 'REFUSED', '100', TIMESTAMP '2022-12-13 16:22:20', TIMESTAMP '2023-09-10 06:59:51', 'Dr', 'Robiou', 'Drucy', 'Robiou.Drucy@gmail.com', '2062827191', 7724.5, 17, 20.94, 50.73, 95.28, 592.59),
(20231026000740, 'CANCELED', '100', TIMESTAMP '2023-03-07 01:44:03', TIMESTAMP '2023-07-01 17:32:05', 'Mr', 'Kenrick', 'Westbrook', 'Kenrick.Westbrook@gmail.com', '4474189441', 7893.95, 12, 18.37, 7.61, 61.95, 91.42),
(20231026000847, 'APPROVED', '632', TIMESTAMP '2022-11-02 01:43:25', TIMESTAMP '2022-11-11 20:40:05', 'Mr', 'Danielsohn', 'Stan', 'Danielsohn.Stan@gmail.com', '5132792521', 756.1, 6, 92.13, 22.76, 34.74, 357.77),
(20231026000889, 'STARTED', '034', TIMESTAMP '2023-07-13 11:49:15', TIMESTAMP '2023-01-04 15:51:46', 'Mr', 'Ferminger', 'Leoine', 'Ferminger.Leoine@gmail.com', '4565107675', 2671.92, 15, 85.66, 22.27, 28.38, 169.93),
(20231026000908, 'APPROVED', '100', TIMESTAMP '2023-09-24 18:10:31', TIMESTAMP '2023-05-24 10:03:15', 'Ms', 'Aleksandrov', 'Vale', 'Aleksandrov.Vale@gmail.com', '8975207925', 5278.83, 16, 40.53, 71.2, 37.72, 399.48),
(20231026000418, 'REFUSED', '846', TIMESTAMP '2023-07-14 21:46:32', TIMESTAMP '2023-05-28 06:01:17', 'Ms', 'Yeabsley', 'Luz', 'Yeabsley.Luz@gmail.com', '2317137394', 691.62, 18, 27.16, 89.41, 17.06, 754.07),
(20231026000832, 'CANCELED', '846', TIMESTAMP '2023-06-12 12:27:16', TIMESTAMP '2023-01-22 17:56:21', 'Mrs', 'Davidofski', 'Wendell', 'Davidofski.Wendell@gmail.com', '1838773781', 1848.73, 18, 90.55, 74.0, 19.48, 440.39),
(20231026000476, 'APPROVED', '632', TIMESTAMP '2023-07-28 23:47:29', TIMESTAMP '2023-01-30 22:45:11', 'Mr', 'Masden', 'Randal', 'Masden.Randal@gmail.com', '1145906992', 3015.68, 20, 18.59, 61.49, 28.74, 948.42),
(20231026000696, 'REFUSED', '100', TIMESTAMP '2022-12-10 20:58:16', TIMESTAMP '2022-12-06 06:45:23', 'Mrs', 'Meneghelli', 'Melisandra', 'Meneghelli.Melisandra@gmail.com', '6457213517', 9627.16, 14, 37.59, 85.83, 34.67, 481.79),
(20231026000822, 'STARTED', '846', TIMESTAMP '2023-01-16 07:57:17', TIMESTAMP '2023-09-22 09:44:31', 'Dr', 'Trevon', 'Orly', 'Trevon.Orly@gmail.com', '2384997938', 4228.18, 18, 70.01, 30.85, 14.54, 445.73),
(20231026000865, 'STARTED', '846', TIMESTAMP '2023-10-20 07:25:14', TIMESTAMP '2022-12-24 09:13:54', 'Mrs', 'Crichmer', 'Wendie', 'Crichmer.Wendie@gmail.com', '1042005506', 5060.03, 18, 86.16, 47.27, 34.39, 403.73),
(20231026000366, 'STARTED', '100', TIMESTAMP '2023-06-05 11:39:30', TIMESTAMP '2023-07-05 12:35:27', 'Ms', 'Meere', 'Moss', 'Meere.Moss@gmail.com', '9124918381', 3901.9, 7, 78.83, 35.41, 88.24, 539.49),
(20231026000884, 'REFUSED', '632', TIMESTAMP '2023-08-15 21:07:26', TIMESTAMP '2023-09-14 17:50:02', 'Mrs', 'Darben', 'Gianni', 'Darben.Gianni@gmail.com', '3111688867', 5282.8, 9, 57.51, 73.26, 60.12, 435.58),
(20231026000363, 'STARTED', '034', TIMESTAMP '2022-11-10 21:09:20', TIMESTAMP '2023-04-05 23:22:01', 'Mr', 'Plank', 'Yolanthe', 'Plank.Yolanthe@gmail.com', '4419370408', 1341.29, 17, 41.64, 39.19, 64.36, 28.46),
(20231026000934, 'APPROVED', '100', TIMESTAMP '2023-06-22 07:09:28', TIMESTAMP '2023-04-01 06:42:41', 'Mr', 'Pointon', 'Quintina', 'Pointon.Quintina@gmail.com', '7476708517', 2853.94, 7, 62.29, 48.49, 62.61, 977.15),
(20231026000707, 'STARTED', '034', TIMESTAMP '2023-05-07 19:58:35', TIMESTAMP '2023-07-17 07:33:56', 'Mrs', 'Shoard', 'Vale', 'Shoard.Vale@gmail.com', '7008629991', 1845.8, 17, 66.65, 77.63, 15.53, 576.36),
(20231026000845, 'APPROVED', '034', TIMESTAMP '2023-03-28 12:56:41', TIMESTAMP '2022-11-26 18:13:53', 'Dr', 'Bolton', 'Emmy', 'Bolton.Emmy@gmail.com', '8008916823', 4982.56, 11, 36.86, 48.37, 32.13, 605.3),
(20231026000419, 'REFUSED', '100', TIMESTAMP '2022-10-27 23:53:02', TIMESTAMP '2023-09-18 03:08:56', 'Mr', 'Meltetal', 'Mechelle', 'Meltetal.Mechelle@gmail.com', '6172170343', 7117.31, 16, 72.17, 41.41, 66.76, 534.83),
(20231026000526, 'CANCELED', '100', TIMESTAMP '2023-07-12 08:58:12', TIMESTAMP '2023-01-11 17:33:43', 'Mrs', 'Breukelman', 'Lavina', 'Breukelman.Lavina@gmail.com', '6593983668', 1533.52, 16, 73.26, 81.05, 94.56, 997.97),
(20231026000897, 'CANCELED', '632', TIMESTAMP '2023-03-14 15:34:10', TIMESTAMP '2023-07-23 09:03:44', 'Mr', 'Prothero', 'Yvon', 'Prothero.Yvon@gmail.com', '3202844562', 4892.59, 20, 34.54, 46.81, 60.69, 438.08),
(20231026000915, 'REFUSED', '100', TIMESTAMP '2023-10-18 22:17:31', TIMESTAMP '2023-10-18 17:58:22', 'Mr', 'Huckfield', 'Jobi', 'Huckfield.Jobi@gmail.com', '9917813494', 6042.35, 12, 85.95, 44.66, 63.71, 921.04),
(20231026000574, 'APPROVED', '632', TIMESTAMP '2023-07-26 22:21:08', TIMESTAMP '2022-10-28 02:56:05', 'Mr', 'Gilhouley', 'Luisa', 'Gilhouley.Luisa@gmail.com', '3592561957', 2574.93, 6, 53.16, 29.96, 63.05, 963.62),
(20231026000493, 'CANCELED', '846', TIMESTAMP '2023-04-09 18:05:46', TIMESTAMP '2023-10-10 18:08:09', 'Dr', 'Franc', 'Shawnee', 'Franc.Shawnee@gmail.com', '4194047233', 5592.82, 7, 7.77, 4.12, 21.59, 747.46),
(20231026000407, 'APPROVED', '100', TIMESTAMP '2023-04-24 16:34:49', TIMESTAMP '2023-04-05 16:36:15', 'Ms', 'Lunt', 'Daile', 'Lunt.Daile@gmail.com', '8653754194', 4611.4, 18, 75.85, 35.09, 14.44, 974.68),
(20231026000756, 'APPROVED', '034', TIMESTAMP '2023-02-23 17:27:33', TIMESTAMP '2023-05-21 12:47:06', 'Mr', 'Styan', 'Nowell', 'Styan.Nowell@gmail.com', '3592052019', 6434.67, 7, 16.1, 62.97, 48.7, 804.13),
(20231026000579, 'CANCELED', '100', TIMESTAMP '2022-12-07 10:31:28', TIMESTAMP '2023-02-26 00:35:13', 'Mr', 'Vasilevich', 'Wynn', 'Vasilevich.Wynn@gmail.com', '5023295042', 3518.61, 13, 6.0, 71.96, 67.09, 294.62),
(20231026000292, 'REFUSED', '100', TIMESTAMP '2023-10-09 15:51:22', TIMESTAMP '2023-03-11 19:23:40', 'Mr', 'Pristnor', 'Anthiathia', 'Pristnor.Anthiathia@gmail.com', '7199012989', 1224.12, 14, 74.25, 36.92, 9.79, 837.93),
(20231026000429, 'APPROVED', '034', TIMESTAMP '2023-10-07 05:00:38', TIMESTAMP '2023-08-14 19:40:48', 'Mr', 'Pooke', 'Marchelle', 'Pooke.Marchelle@gmail.com', '2629179584', 2936.97, 9, 81.45, 79.02, 34.81, 445.04),
(20231026000745, 'STARTED', '846', TIMESTAMP '2023-04-10 08:53:09', TIMESTAMP '2023-03-29 08:32:58', 'Mr', 'MacDonald', 'Taddeo', 'MacDonald.Taddeo@gmail.com', '6707233245', 3978.37, 11, 85.75, 40.41, 43.31, 955.86),
(20231026000676, 'STARTED', '034', TIMESTAMP '2023-08-09 02:46:55', TIMESTAMP '2023-09-08 13:52:33', 'Mrs', 'Widdecombe', 'Christabel', 'Widdecombe.Christabel@gmail.com', '5058132769', 1161.44, 5, 9.64, 6.97, 58.47, 881.54),
(20231026000743, 'CANCELED', '846', TIMESTAMP '2023-04-03 09:07:46', TIMESTAMP '2022-12-04 23:00:39', 'Mrs', 'Leworthy', 'Kelila', 'Leworthy.Kelila@gmail.com', '4825561228', 9166.09, 9, 7.96, 52.37, 41.63, 110.76),
(20231026000837, 'STARTED', '100', TIMESTAMP '2023-03-15 15:58:44', TIMESTAMP '2023-02-01 14:24:56', 'Mr', 'Zapata', 'Ola', 'Zapata.Ola@gmail.com', '3378051629', 3939.37, 18, 71.09, 90.55, 97.75, 882.55),
(20231026000846, 'STARTED', '846', TIMESTAMP '2023-01-25 20:40:03', TIMESTAMP '2023-07-25 16:26:29', 'Mr', 'Sawkins', 'Jamie', 'Sawkins.Jamie@gmail.com', '3527525774', 7068.11, 12, 53.23, 14.85, 73.78, 649.22),
(20231026000708, 'REFUSED', '100', TIMESTAMP '2023-05-06 20:17:49', TIMESTAMP '2023-01-17 19:51:17', 'Mrs', 'Bramwell', 'Gert', 'Bramwell.Gert@gmail.com', '2855099678', 4469.25, 6, 4.97, 14.14, 49.66, 130.11),
(20231026000538, 'APPROVED', '034', TIMESTAMP '2023-07-21 10:05:52', TIMESTAMP '2023-09-17 22:52:31', 'Mr', 'Rowan', 'Tobie', 'Rowan.Tobie@gmail.com', '1798257410', 3106.37, 17, 87.0, 78.27, 93.21, 107.98),
(20231026000798, 'APPROVED', '100', TIMESTAMP '2023-01-10 04:58:27', TIMESTAMP '2023-03-29 03:28:29', 'Mrs', 'McOrkill', 'Rainer', 'McOrkill.Rainer@gmail.com', '5532963589', 9364.74, 10, 31.87, 7.33, 70.26, 134.6),
(20231026000302, 'STARTED', '034', TIMESTAMP '2022-12-20 13:08:58', TIMESTAMP '2022-11-15 06:49:02', 'Ms', 'Kirlin', 'Tabbi', 'Kirlin.Tabbi@gmail.com', '2843565632', 3935.92, 8, 14.48, 13.48, 45.83, 91.41),
(20231026000412, 'REFUSED', '846', TIMESTAMP '2023-03-15 01:14:21', TIMESTAMP '2023-05-13 08:29:11', 'Mr', 'Purcell', 'Lenee', 'Purcell.Lenee@gmail.com', '1328250490', 7866.23, 8, 88.09, 69.64, 86.75, 497.05),
(20231026000625, 'CANCELED', '846', TIMESTAMP '2023-05-07 20:24:44', TIMESTAMP '2022-12-13 20:02:05', 'Ms', 'Abrahamsson', 'Domenico', 'Abrahamsson.Domenico@gmail.com', '1668445844', 4091.83, 12, 71.82, 8.01, 4.1, 720.23),
(20231026000728, 'CANCELED', '034', TIMESTAMP '2023-04-30 07:56:20', TIMESTAMP '2023-06-27 23:34:50', 'Mr', 'Giovani', 'Carey', 'Giovani.Carey@gmail.com', '3825673690', 2379.66, 12, 69.96, 43.31, 60.97, 580.88),
(20231026000330, 'APPROVED', '100', TIMESTAMP '2023-03-31 00:25:37', TIMESTAMP '2023-01-17 14:16:02', 'Ms', 'Timmermann', 'Juieta', 'Timmermann.Juieta@gmail.com', '5511577846', 1670.72, 8, 29.17, 56.42, 94.08, 682.33),
(20231026000573, 'STARTED', '100', TIMESTAMP '2023-06-05 16:17:03', TIMESTAMP '2023-07-21 10:28:51', 'Mr', 'Tattersall', 'Stephannie', 'Tattersall.Stephannie@gmail.com', '6561191492', 2350.82, 19, 61.82, 43.87, 60.53, 587.45),
(20231026000430, 'APPROVED', '846', TIMESTAMP '2023-02-12 01:20:12', TIMESTAMP '2023-06-23 15:57:11', 'Mrs', 'Vittet', 'Kaleb', 'Vittet.Kaleb@gmail.com', '5057951415', 7943.86, 18, 78.44, 54.63, 49.67, 755.87),
(20231026000834, 'REFUSED', '846', TIMESTAMP '2023-04-02 13:51:24', TIMESTAMP '2023-01-07 16:14:23', 'Mr', 'Philippson', 'Emelen', 'Philippson.Emelen@gmail.com', '3008299833', 7179.75, 7, 55.25, 24.98, 57.05, 974.22),
(20231026000948, 'APPROVED', '846', TIMESTAMP '2023-02-14 07:48:26', TIMESTAMP '2023-06-29 07:24:08', 'Dr', 'Weldrick', 'Hedda', 'Weldrick.Hedda@gmail.com', '3917476418', 2037.38, 13, 65.43, 14.45, 52.93, 877.03);