number;birthdate
001;1995-01-04
002;1970-02-08
003;1974-09-23
004;1980-12-01
005;1997-05-22
006;1985-05-15
007;1986-12-25
008;1991-10-13
009;1973-03-31
010;1974-05-21
011;1967-06-03
012;2003-07-28
013;1962-09-16
014;1984-11-01
015;1997-04-20
016;1997-05-09
017;2001-01-23
018;1989-08-20
019;1989-06-01
020;1978-12-04
021;1974-03-11
022;1984-08-14
023;2002-05-27
024;1993-04-05
025;1990-05-02
026;1970-08-11
027;1967-12-09
028;1974-07-07
029;1970-05-09
030;1960-07-23
031;1980-09-25
032;1987-04-08
033;1988-09-03
034;1972-05-10
035;1999-12-13
036;1986-04-18
037;1971-08-03
038;1964-04-01
039;1987-07-21
040;1972-03-12
041;1964-01-28
042;2002-04-02
043;1966-02-17
044;1993-09-20
045;1999-03-03
046;1996-03-20
047;1985-12-20
048;1986-12-18
049;1994-05-14
050;1975-01-03
051;1990-10-05
052;1960-01-05
053;1973-02-10
054;1979-08-27
055;1994-03-03
056;1994-07-05
057;1983-03-11
058;1991-01-09
059;1963-02-26
060;1989-11-22
061;1980-09-04
062;1988-02-01
063;1966-12-21
064;1974-07-17
065;1985-02-19
066;1991-02-12
067;1967-05-04
068;1980-09-29
069;1960-09-08
070;1984-07-26
071;1961-11-18
072;1976-12-17
073;1978-08-17
074;1970-05-09
075;1999-11-15
076;2004-08-13
077;1960-09-26
078;1978-02-03
079;2004-05-27
080;1973-04-07
081;2002-07-14
082;1973-01-22
083;1997-05-08
084;1985-02-25
085;2004-10-10
086;1979-01-13
087;1976-02-14
088;1960-07-10
089;1983-03-08
090;1998-08-07
091;2001-03-29
092;1961-03-11
093;1988-11-03
094;1990-09-27
095;1986-11-02
096;1980-05-06
097;1997-12-06
098;1989-07-23
099;1998-03-01
100;1966-03-27
101;1974-11-28
102;1998-08-24
103;1997-03-04
104;1984-06-25
105;1989-07-02
106;2002-02-23
107;1978-05-14
108;1995-11-16
109;1965-02-07
110;1988-09-02
111;1973-11-18
112;1976-12-27
113;1960-01-11
114;1980-12-15
115;1970-09-17
116;2000-12-17
117;1964-11-19
118;1978-11-21
119;1996-10-03
120;1961-05-29
121;1989-07-08
122;1994-06-14
123;1976-12-04
124;2001-04-03
125;1972-05-19
126;1994-07-27
127;2000-07-24
128;1984-10-18
129;1964-05-07
130;2003-10-31
131;2000-09-25
132;1979-10-13
133;1975-08-06
134;2004-11-20
135;1987-06-02
136;1963-05-12
137;1985-02-03
138;1988-08-17
139;1990-06-25
140;1984-12-07
141;2001-02-15
142;1970-10-19
143;1983-09-06
144;1974-05-17
145;1994-10-17
146;1972-08-08
147;1968-08-08
148;2002-02-16
149;1991-02-21
150;1963-07-11
151;2002-03-26
152;1999-05-16
153;1978-06-20
154;1987-08-06
155;1970-08-13
156;1979-06-16
157;1979-06-23
158;1976-10-23
159;1971-08-07
160;1996-10-04
161;1989-05-24
162;1984-07-15
163;2002-07-08
164;2000-11-29
165;1965-11-30
166;1979-06-16
167;1996-11-25
168;1976-12-03
169;1965-11-07
170;2003-05-03
171;1992-06-13
172;1961-08-10
173;1980-03-22
174;1961-05-28
175;1987-11-16
176;1977-10-04
177;1969-10-28
178;1967-03-02
179;1985-10-19
180;1986-06-09
181;1985-05-29
182;1985-04-26
183;1962-03-29
184;1967-08-08
185;1984-07-14
186;1988-06-25
187;1961-03-29
188;1978-10-08
189;1983-12-20
190;1988-09-29
191;2004-06-10
192;1965-03-23
193;1993-09-19
194;1987-11-03
195;1984-02-11
196;1995-11-05
197;1997-09-08
198;1991-09-26
199;1983-01-22
200;2000-06-06